time, action, id, version, name, status, code, sampling interval (s), sampling resolution (C), samples, time diff (s), start time, lat, long, accuracy, device
2023-08-31 15:53:43 UTC+0100, TAP LOGGER, 042B EF00 4106 0C, NA, ukagmh03a, WRONG PASSWORD, NA, NA, NA, NA, NA, NA, NA, NA, NA, Armor X10 Pro
2023-08-31 15:54:04 UTC+0100, DATA DOWNLOADED, 042B EF00 4106 0C, NA, ukagmh03a, WRONG PASSWORD, NA, NA, NA, NA, NA, NA, 53.319723, -4.660893, 5.9, Armor X10 Pro
2023-08-31 15:54:13 UTC+0100, CODE CHANGE, 042B EF00 4106 0C, T7.3, ukagmh03a,MISSION RUNNING, 3636, 3600, 0.1, 11377, 19, 2022-05-14 15:00:00 UTC+0100, 53.319723, -4.660893, 5.9, Armor X10 Pro
2023-08-31 15:54:13 UTC+0100, START MISSION, 042B EF00 4106 0C, T7.3, ukagmh03a,WAITING TO START, 3636, 3600, 0.1, NA, 1, 2023-08-31 16:00:00 UTC+0100, 53.319723, -4.660893, 5.9, Armor X10 Pro
2023-08-31 15:55:47 UTC+0100, TAP LOGGER, 04F4 4500 0A16 05, NA, ukagmh02a, WRONG PASSWORD, NA, NA, NA, NA, NA, NA, 53.319690, -4.660842, 1.6, Armor X10 Pro
2023-08-31 15:56:22 UTC+0100, DATA DOWNLOADED, 04F4 4500 0A16 05, NA, ukagmh02a, WRONG PASSWORD, NA, NA, NA, NA, NA, NA, 53.319690, -4.660842, 1.6, Armor X10 Pro
2023-08-31 15:56:26 UTC+0100, CODE CHANGE, 04F4 4500 0A16 05, T2.4, ukagmh02a,MISSION RUNNING, 3636, 3600, 0.1, 11378, 716, 2022-05-14 15:00:13 UTC+0100, 53.319690, -4.660842, 1.6, Armor X10 Pro
2023-08-31 15:56:28 UTC+0100, START MISSION, 04F4 4500 0A16 05, T2.4, ukagmh02a,WAITING TO START, 3636, 3600, 0.1, NA, -2, 2023-08-31 16:00:01 UTC+0100, 53.319690, -4.660842, 1.6, Armor X10 Pro
2023-08-31 15:59:10 UTC+0100, TAP LOGGER, 0462 2900 DC51 03, NA, ukagmh01a, WRONG PASSWORD, NA, NA, NA, NA, NA, NA, 53.319713, -4.660775, 1.8, Armor X10 Pro
2023-08-31 15:59:44 UTC+0100, DATA DOWNLOADED, 0462 2900 DC51 03, NA, ukagmh01a, WRONG PASSWORD, NA, NA, NA, NA, NA, NA, 53.319713, -4.660775, 1.8, Armor X10 Pro
2023-08-31 15:59:48 UTC+0100, CODE CHANGE, 0462 2900 DC51 03, T2.4, ukagmh01a,MISSION RUNNING, 3636, 3600, 0.1, 11378, 444, 2022-05-14 15:00:12 UTC+0100, 53.319713, -4.660775, 1.8, Armor X10 Pro
2023-08-31 15:59:50 UTC+0100, START MISSION, 0462 2900 DC51 03, T2.4, ukagmh01a,WAITING TO START, 3636, 3600, 0.1, NA, -4, 2023-08-31 16:00:00 UTC+0100, 53.319713, -4.660775, 1.8, Armor X10 Pro
2023-08-31 16:01:03 UTC+0100, TAP LOGGER, 0451 2500 7605 0D, NA, ukagmc01b, WRONG PASSWORD, NA, NA, NA, NA, NA, NA, 53.319713, -4.660775, 1.8, Armor X10 Pro
2023-08-31 16:01:38 UTC+0100, DATA DOWNLOADED, 0451 2500 7605 0D, NA, ukagmc01b, WRONG PASSWORD, NA, NA, NA, NA, NA, NA, 53.319713, -4.660775, 1.8, Armor X10 Pro
2023-08-31 16:01:42 UTC+0100, CODE CHANGE, 0451 2500 7605 0D, T2.4, ukagmc01b,MISSION RUNNING, 3636, 3600, 0.1, 11378, 788, 2022-05-14 15:00:11 UTC+0100, 53.319713, -4.660775, 1.8, Armor X10 Pro
2023-08-31 16:01:43 UTC+0100, START MISSION, 0451 2500 7605 0D, T2.4, ukagmc01b,WAITING TO START, 3636, 3600, 0.1, NA, -3, 2023-08-31 17:00:00 UTC+0100, 53.319713, -4.660775, 1.8, Armor X10 Pro
2023-08-31 16:03:13 UTC+0100, TAP LOGGER, 0451 2500 7605 0D, T2.4, ukagmc01b,WAITING TO START, 3636, 3600, 0.1, NA, -4, 2023-08-31 17:01:27 UTC+0100, 53.319692, -4.660743, 2.0, Armor X10 Pro
2023-08-31 16:03:44 UTC+0100, TAP LOGGER, 04C0 C100 8A11 09, NA, ukagmc02a, WRONG PASSWORD, NA, NA, NA, NA, NA, NA, 53.319683, -4.660832, 1.5, Armor X10 Pro
2023-08-31 16:04:19 UTC+0100, DATA DOWNLOADED, 04C0 C100 8A11 09, NA, ukagmc02a, WRONG PASSWORD, NA, NA, NA, NA, NA, NA, 53.319683, -4.660832, 1.5, Armor X10 Pro
2023-08-31 16:04:23 UTC+0100, CODE CHANGE, 04C0 C100 8A11 09, T2.4, ukagmc02a,MISSION RUNNING, 3636, 3600, 0.1, 11378, 794, 2022-05-14 15:00:20 UTC+0100, 53.319683, -4.660832, 1.5, Armor X10 Pro
2023-08-31 16:04:24 UTC+0100, START MISSION, 04C0 C100 8A11 09, T2.4, ukagmc02a,WAITING TO START, 3636, 3600, 0.1, NA, -3, 2023-08-31 17:00:00 UTC+0100, 53.319683, -4.660832, 1.5, Armor X10 Pro
2023-08-31 16:05:58 UTC+0100, TAP LOGGER, 04BA 3E00 C965 03, NA, ukagmc03a, WRONG PASSWORD, NA, NA, NA, NA, NA, NA, 53.319680, -4.660928, 1.4, Armor X10 Pro
2023-08-31 16:06:19 UTC+0100, DATA DOWNLOADED, 04BA 3E00 C965 03, NA, ukagmc03a, WRONG PASSWORD, NA, NA, NA, NA, NA, NA, 53.319680, -4.660928, 1.4, Armor X10 Pro
2023-08-31 16:06:21 UTC+0100, CODE CHANGE, 04BA 3E00 C965 03, T7.3, ukagmc03a,MISSION RUNNING, 3636, 3600, 0.1, 11378, 28, 2022-05-14 14:12:28 UTC+0100, 53.319680, -4.660928, 1.4, Armor X10 Pro
2023-08-31 16:06:22 UTC+0100, START MISSION, 04BA 3E00 C965 03, T7.3, ukagmc03a,WAITING TO START, 3636, 3600, 0.1, NA, 2, 2023-08-31 17:00:00 UTC+0100, 53.319680, -4.660928, 1.4, Armor X10 Pro
2023-08-31 16:23:20 UTC+0100, TAP LOGGER, 04BA 3E00 C965 03, T7.3, ukagmc03a,WAITING TO START, 3636, 3600, 0.1, NA, 2, 2023-08-31 17:16:56 UTC+0100, 53.319610, -4.660878, 1.7, Armor X10 Pro
2023-08-31 16:23:25 UTC+0100, TAP LOGGER, 042B EF00 4106 0C, T7.3, ukagmh03a,MISSION RUNNING, 3636, 3600, 0.1, 1, 2, 2023-08-31 16:00:00 UTC+0100, 53.319638, -4.660947, 1.7, Armor X10 Pro
2023-08-31 16:50:31 UTC+0100, TAP LOGGER, 04B2 1900 E523 0A, T7.3, ,NO MISSION, 0000, NA, NA, NA, NA, NA, 53.319685, -4.660882, 2.3, Armor X10 Pro
2023-08-31 16:50:32 UTC+0100, DATA DOWNLOADED, 04B2 1900 E523 0A, T7.3, ,NO MISSION, 0000, NA, NA, NA, NA, NA, 53.319685, -4.660882, 2.3, Armor X10 Pro
2023-08-31 16:50:35 UTC+0100, CODE CHANGE, 04B2 1900 E523 0A, T7.3, ukholmh01a,NO MISSION, 3636, NA, NA, NA, NA, NA, 53.319685, -4.660882, 2.3, Armor X10 Pro
2023-08-31 16:50:36 UTC+0100, START MISSION, 04B2 1900 E523 0A, T7.3, ukholmh01a,MISSION RUNNING, 3636, 3600, 0.1, 1, 1, 2023-08-31 16:50:34 UTC+0100, 53.319685, -4.660882, 2.3, Armor X10 Pro
2023-08-31 16:50:46 UTC+0100, TAP LOGGER, 045B 0B00 3408 0E, T7.3, ,NO MISSION, 0000, NA, NA, NA, NA, NA, 53.319685, -4.660882, 2.3, Armor X10 Pro
2023-08-31 16:50:47 UTC+0100, DATA DOWNLOADED, 045B 0B00 3408 0E, T7.3, ,NO MISSION, 0000, NA, NA, NA, NA, NA, 53.319685, -4.660882, 2.3, Armor X10 Pro
2023-08-31 16:50:50 UTC+0100, CODE CHANGE, 045B 0B00 3408 0E, T7.3, ukholmh02a,NO MISSION, 3636, NA, NA, NA, NA, NA, 53.319685, -4.660882, 2.3, Armor X10 Pro
2023-08-31 16:50:51 UTC+0100, START MISSION, 045B 0B00 3408 0E, T7.3, ukholmh02a,MISSION RUNNING, 3636, 3600, 0.1, 1, 2, 2023-08-31 16:50:49 UTC+0100, 53.319685, -4.660882, 2.3, Armor X10 Pro
2023-08-31 16:51:01 UTC+0100, TAP LOGGER, 04BF 8C00 3F09 04, T7.3, ,NO MISSION, 0000, NA, NA, NA, NA, NA, 53.319685, -4.660882, 2.3, Armor X10 Pro
2023-08-31 16:51:02 UTC+0100, DATA DOWNLOADED, 04BF 8C00 3F09 04, T7.3, ,NO MISSION, 0000, NA, NA, NA, NA, NA, 53.319685, -4.660882, 2.3, Armor X10 Pro
2023-08-31 16:51:05 UTC+0100, CODE CHANGE, 04BF 8C00 3F09 04, T7.3, ukholmh04a,NO MISSION, 3636, NA, NA, NA, NA, NA, 53.319685, -4.660882, 2.3, Armor X10 Pro
2023-08-31 16:51:06 UTC+0100, START MISSION, 04BF 8C00 3F09 04, T7.3, ukholmh04a,MISSION RUNNING, 3636, 3600, 0.1, 1, 2, 2023-08-31 16:51:04 UTC+0100, 53.319685, -4.660882, 2.3, Armor X10 Pro
2023-08-31 16:51:15 UTC+0100, TAP LOGGER, 0437 D500 2F12 09, T7.3, ,NO MISSION, 0000, NA, NA, NA, NA, NA, 53.319685, -4.660882, 2.3, Armor X10 Pro
2023-08-31 16:51:16 UTC+0100, DATA DOWNLOADED, 0437 D500 2F12 09, T7.3, ,NO MISSION, 0000, NA, NA, NA, NA, NA, 53.319685, -4.660882, 2.3, Armor X10 Pro
2023-08-31 16:51:19 UTC+0100, CODE CHANGE, 0437 D500 2F12 09, T7.3, ukholmh05a,NO MISSION, 3636, NA, NA, NA, NA, NA, 53.319685, -4.660882, 2.3, Armor X10 Pro
2023-08-31 16:51:20 UTC+0100, START MISSION, 0437 D500 2F12 09, T7.3, ukholmh05a,MISSION RUNNING, 3636, 3600, 0.1, 1, 2, 2023-08-31 16:51:18 UTC+0100, 53.319685, -4.660882, 2.3, Armor X10 Pro
2023-08-31 16:52:45 UTC+0100, TAP LOGGER, 04D2 4900 663C 01, T7.3, ,NO MISSION, 0000, NA, NA, NA, NA, NA, 53.319685, -4.660882, 2.3, Armor X10 Pro
2023-08-31 16:52:46 UTC+0100, DATA DOWNLOADED, 04D2 4900 663C 01, T7.3, ,NO MISSION, 0000, NA, NA, NA, NA, NA, 53.319685, -4.660882, 2.3, Armor X10 Pro
2023-08-31 16:52:49 UTC+0100, CODE CHANGE, 04D2 4900 663C 01, T7.3, ukholmc01b,NO MISSION, 3636, NA, NA, NA, NA, NA, 53.319685, -4.660882, 2.3, Armor X10 Pro
2023-08-31 16:52:50 UTC+0100, START MISSION, 04D2 4900 663C 01, T7.3, ukholmc01b,MISSION RUNNING, 3636, 3600, 0.1, 1, 2, 2023-08-31 16:52:48 UTC+0100, 53.319685, -4.660882, 2.3, Armor X10 Pro
2023-08-31 16:53:02 UTC+0100, TAP LOGGER, 04E1 8D00 890C 01, T7.3, ,NO MISSION, 0000, NA, NA, NA, NA, NA, 53.319685, -4.660882, 2.3, Armor X10 Pro
2023-08-31 16:53:04 UTC+0100, DATA DOWNLOADED, 04E1 8D00 890C 01, T7.3, ,NO MISSION, 0000, NA, NA, NA, NA, NA, 53.319685, -4.660882, 2.3, Armor X10 Pro
2023-08-31 16:53:06 UTC+0100, CODE CHANGE, 04E1 8D00 890C 01, T7.3, ukholmc02a,NO MISSION, 3636, NA, NA, NA, NA, NA, 53.319685, -4.660882, 2.3, Armor X10 Pro
2023-08-31 16:53:07 UTC+0100, START MISSION, 04E1 8D00 890C 01, T7.3, ukholmc02a,MISSION RUNNING, 3636, 3600, 0.1, 1, 2, 2023-08-31 16:53:05 UTC+0100, 53.319685, -4.660882, 2.3, Armor X10 Pro
2023-08-31 16:53:18 UTC+0100, TAP LOGGER, 049E A200 BE59 0D, T7.3, ,NO MISSION, 0000, NA, NA, NA, NA, NA, 53.319685, -4.660882, 2.3, Armor X10 Pro
2023-08-31 16:53:19 UTC+0100, DATA DOWNLOADED, 049E A200 BE59 0D, T7.3, ,NO MISSION, 0000, NA, NA, NA, NA, NA, 53.319685, -4.660882, 2.3, Armor X10 Pro
2023-08-31 16:53:22 UTC+0100, CODE CHANGE, 049E A200 BE59 0D, T7.3, ukholmc04a,NO MISSION, 3636, NA, NA, NA, NA, NA, 53.319685, -4.660882, 2.3, Armor X10 Pro
2023-08-31 16:53:23 UTC+0100, START MISSION, 049E A200 BE59 0D, T7.3, ukholmc04a,MISSION RUNNING, 3636, 3600, 0.1, 1, 1, 2023-08-31 16:53:21 UTC+0100, 53.319685, -4.660882, 2.3, Armor X10 Pro
2023-08-31 16:53:33 UTC+0100, TAP LOGGER, 04A1 0C00 8C1E 0C, T7.3, ,NO MISSION, 0000, NA, NA, NA, NA, NA, 53.319685, -4.660882, 2.3, Armor X10 Pro
2023-08-31 16:53:35 UTC+0100, DATA DOWNLOADED, 04A1 0C00 8C1E 0C, T7.3, ,NO MISSION, 0000, NA, NA, NA, NA, NA, 53.319685, -4.660882, 2.3, Armor X10 Pro
2023-08-31 16:53:37 UTC+0100, CODE CHANGE, 04A1 0C00 8C1E 0C, T7.3, ukholmc05a,NO MISSION, 3636, NA, NA, NA, NA, NA, 53.319685, -4.660882, 2.3, Armor X10 Pro
2023-08-31 16:53:38 UTC+0100, START MISSION, 04A1 0C00 8C1E 0C, T7.3, ukholmc05a,MISSION RUNNING, 3636, 3600, 0.1, 1, 2, 2023-08-31 16:53:36 UTC+0100, 53.319685, -4.660882, 2.3, Armor X10 Pro
2023-08-31 16:59:31 UTC+0100, TAP LOGGER, 04ED 9A00 BF0B 0F, NA, ukaglc04a, WRONG PASSWORD, NA, NA, NA, NA, NA, NA, 53.319693, -4.661075, 2.0, Armor X10 Pro
2023-08-31 16:59:34 UTC+0100, DATA DOWNLOADED, 04ED 9A00 BF0B 0F, NA, ukaglc04a, WRONG PASSWORD, NA, NA, NA, NA, NA, NA, 53.319693, -4.661075, 2.0, Armor X10 Pro
2023-08-31 16:59:38 UTC+0100, CODE CHANGE, 04ED 9A00 BF0B 0F, T2.4, ukaglc04a,MISSION RUNNING, 3636, 3600, 0.1, 557, -39486829, 2022-05-14 15:00:23 UTC+0100, 53.319693, -4.661075, 2.0, Armor X10 Pro
2023-08-31 16:59:39 UTC+0100, START MISSION, 04ED 9A00 BF0B 0F, T2.4, ukaglc04a,WAITING TO START, 3636, 3600, 0.1, NA, -3, 2023-08-31 17:00:00 UTC+0100, 53.319693, -4.661075, 2.0, Armor X10 Pro
2023-08-31 17:00:12 UTC+0100, TAP LOGGER, 0485 1900 9524 0C, NA, ukaglc04b, WRONG PASSWORD, NA, NA, NA, NA, NA, NA, 53.319693, -4.661075, 2.0, Armor X10 Pro
2023-08-31 17:00:34 UTC+0100, DATA DOWNLOADED, 0485 1900 9524 0C, NA, ukaglc04b, WRONG PASSWORD, NA, NA, NA, NA, NA, NA, 53.319693, -4.661075, 2.0, Armor X10 Pro
2023-08-31 17:00:38 UTC+0100, CODE CHANGE, 0485 1900 9524 0C, T2.4, ukaglc04b,MISSION RUNNING, 3636, 3600, 0.1, 7271, -15115278, 2022-05-14 15:00:08 UTC+0100, 53.319693, -4.661075, 2.0, Armor X10 Pro
2023-08-31 17:00:40 UTC+0100, START MISSION, 0485 1900 9524 0C, T2.4, ukaglc04b,WAITING TO START, 3636, 3600, 0.1, NA, -3, 2023-08-31 18:00:00 UTC+0100, 53.319693, -4.661075, 2.0, Armor X10 Pro
2023-08-31 17:01:13 UTC+0100, TAP LOGGER, 0418 9E00 0912 08, NA, ukaglc04d, WRONG PASSWORD, NA, NA, NA, NA, NA, NA, 53.319693, -4.661075, 2.0, Armor X10 Pro
2023-08-31 17:01:47 UTC+0100, DATA DOWNLOADED, 0418 9E00 0912 08, NA, ukaglc04d, WRONG PASSWORD, NA, NA, NA, NA, NA, NA, 53.319693, -4.661075, 2.0, Armor X10 Pro
2023-08-31 17:01:52 UTC+0100, START MISSION, 0418 9E00 0912 08, T2.4, ukaglc04d,WAITING TO START, 3636, 3600, 0.1, NA, -1, 2023-08-31 18:00:01 UTC+0100, 53.319693, -4.661075, 2.0, Armor X10 Pro
2023-08-31 17:01:53 UTC+0100, START MISSION, 0418 9E00 0912 08, T2.4, ukaglc04d,WAITING TO START, 3636, 3600, 0.1, NA, -1, 2023-08-31 18:00:01 UTC+0100, 53.319693, -4.661075, 2.0, Armor X10 Pro
2023-08-31 17:02:19 UTC+0100, TAP LOGGER, 0481 D500 FE30 0E, NA, ukaglc04c, WRONG PASSWORD, NA, NA, NA, NA, NA, NA, 53.319693, -4.661075, 2.0, Armor X10 Pro
2023-08-31 17:02:39 UTC+0100, DATA DOWNLOADED, 0481 D500 FE30 0E, NA, ukaglc04c, WRONG PASSWORD, NA, NA, NA, NA, NA, NA, 53.319693, -4.661075, 2.0, Armor X10 Pro
2023-08-31 17:02:43 UTC+0100, CODE CHANGE, 0481 D500 FE30 0E, T7.3, ukaglc04c,MISSION RUNNING, 3636, 3600, 0.1, 11378, 29, 2022-05-14 15:02:34 UTC+0100, 53.319693, -4.661075, 2.0, Armor X10 Pro
2023-08-31 17:02:43 UTC+0100, START MISSION, 0481 D500 FE30 0E, T7.3, ukaglc04c,WAITING TO START, 3636, 3600, 0.1, NA, 2, 2023-08-31 18:00:00 UTC+0100, 53.319693, -4.661075, 2.0, Armor X10 Pro
2023-08-31 17:05:12 UTC+0100, TAP LOGGER, 04E5 8300 6B23 01, NA, ukaglc05a, WRONG PASSWORD, NA, NA, NA, NA, NA, NA, 53.319787, -4.661000, 1.4, Armor X10 Pro
2023-08-31 17:05:46 UTC+0100, DATA DOWNLOADED, 04E5 8300 6B23 01, NA, ukaglc05a, WRONG PASSWORD, NA, NA, NA, NA, NA, NA, 53.319787, -4.661000, 1.4, Armor X10 Pro
2023-08-31 17:05:50 UTC+0100, CODE CHANGE, 04E5 8300 6B23 01, T2.4, ukaglc05a,MISSION RUNNING, 3636, 3600, 0.1, 11379, 802, 2022-05-14 15:00:04 UTC+0100, 53.319787, -4.661000, 1.4, Armor X10 Pro
2023-08-31 17:05:52 UTC+0100, START MISSION, 04E5 8300 6B23 01, T2.4, ukaglc05a,WAITING TO START, 3636, 3600, 0.1, NA, -2, 2023-08-31 18:00:01 UTC+0100, 53.319787, -4.661000, 1.4, Armor X10 Pro
2023-08-31 17:06:58 UTC+0100, TAP LOGGER, 042B 6B00 4A0E 0D, NA, ukaglc06a, WRONG PASSWORD, NA, NA, NA, NA, NA, NA, 53.319787, -4.661000, 1.4, Armor X10 Pro
2023-08-31 17:07:32 UTC+0100, DATA DOWNLOADED, 042B 6B00 4A0E 0D, NA, ukaglc06a, WRONG PASSWORD, NA, NA, NA, NA, NA, NA, 53.319787, -4.661000, 1.4, Armor X10 Pro
2023-08-31 17:07:36 UTC+0100, CODE CHANGE, 042B 6B00 4A0E 0D, T2.4, ukaglc06a,MISSION RUNNING, 3636, 3600, 0.1, 11379, 1199, 2022-05-14 15:00:11 UTC+0100, 53.319787, -4.661000, 1.4, Armor X10 Pro
2023-08-31 17:07:38 UTC+0100, START MISSION, 042B 6B00 4A0E 0D, T2.4, ukaglc06a,WAITING TO START, 3636, 3600, 0.1, NA, -2, 2023-08-31 18:00:01 UTC+0100, 53.319787, -4.661000, 1.4, Armor X10 Pro
2023-08-31 17:08:28 UTC+0100, TAP LOGGER, 04AB EC00 2312 05, NA, Ukaglh01a, WRONG PASSWORD, NA, NA, NA, NA, NA, NA, 53.319835, -4.661007, 1.3, Armor X10 Pro
2023-08-31 17:08:31 UTC+0100, DATA DOWNLOADED, 04AB EC00 2312 05, NA, Ukaglh01a, WRONG PASSWORD, NA, NA, NA, NA, NA, NA, 53.319835, -4.661007, 1.3, Armor X10 Pro
2023-08-31 17:08:35 UTC+0100, CODE CHANGE, 04AB EC00 2312 05, T2.4, Ukaglh01a,MISSION RUNNING, 3636, 3600, 0.1, 605, -38964774, 2022-05-14 14:30:15 UTC+0100, 53.319835, -4.661007, 1.3, Armor X10 Pro
2023-08-31 17:08:37 UTC+0100, START MISSION, 04AB EC00 2312 05, T2.4, Ukaglh01a,WAITING TO START, 3636, 3600, 0.1, NA, -3, 2023-08-31 18:00:00 UTC+0100, 53.319835, -4.661007, 1.3, Armor X10 Pro
2023-08-31 17:09:33 UTC+0100, TAP LOGGER, 042D E400 7816 0F, NA, ukaglh01b, WRONG PASSWORD, NA, NA, NA, NA, NA, NA, 53.319835, -4.661007, 1.3, Armor X10 Pro
2023-08-31 17:10:08 UTC+0100, DATA DOWNLOADED, 042D E400 7816 0F, NA, ukaglh01b, WRONG PASSWORD, NA, NA, NA, NA, NA, NA, 53.319835, -4.661007, 1.3, Armor X10 Pro
2023-08-31 17:10:12 UTC+0100, CODE CHANGE, 042D E400 7816 0F, T2.4, ukaglh01b,MISSION RUNNING, 3636, 3600, 0.1, 11379, 292, 2022-05-14 15:00:07 UTC+0100, 53.319835, -4.661007, 1.3, Armor X10 Pro
2023-08-31 17:10:14 UTC+0100, START MISSION, 042D E400 7816 0F, T2.4, ukaglh01b,WAITING TO START, 3636, 3600, 0.1, NA, -2, 2023-08-31 18:00:01 UTC+0100, 53.319835, -4.661007, 1.3, Armor X10 Pro
2023-08-31 17:11:21 UTC+0100, TAP LOGGER, 047B B800 6D21 08, NA, ukaglh04b, WRONG PASSWORD, NA, NA, NA, NA, NA, NA, 53.319835, -4.661007, 1.3, Armor X10 Pro
2023-08-31 17:11:55 UTC+0100, DATA DOWNLOADED, 047B B800 6D21 08, NA, ukaglh04b, WRONG PASSWORD, NA, NA, NA, NA, NA, NA, 53.319835, -4.661007, 1.3, Armor X10 Pro
2023-08-31 17:11:59 UTC+0100, CODE CHANGE, 047B B800 6D21 08, T2.4, ukaglh04b,MISSION RUNNING, 3636, 3600, 0.1, 11379, 547, 2022-05-14 15:00:08 UTC+0100, 53.319835, -4.661007, 1.3, Armor X10 Pro
2023-08-31 17:12:01 UTC+0100, START MISSION, 047B B800 6D21 08, T2.4, ukaglh04b,WAITING TO START, 3636, 3600, 0.1, NA, -4, 2023-08-31 18:00:00 UTC+0100, 53.319835, -4.661007, 1.3, Armor X10 Pro
2023-08-31 17:12:50 UTC+0100, TAP LOGGER, 04B7 7F00 EC3E 10, NA, Ukaglh04c, WRONG PASSWORD, NA, NA, NA, NA, NA, NA, 53.319835, -4.661007, 1.3, Armor X10 Pro
2023-08-31 17:13:18 UTC+0100, DATA DOWNLOADED, 04B7 7F00 EC3E 10, NA, Ukaglh04c, WRONG PASSWORD, NA, NA, NA, NA, NA, NA, 53.319835, -4.661007, 1.3, Armor X10 Pro
2023-08-31 17:13:23 UTC+0100, ERROR START, 04B7 7F00 EC3E 10, T2.4, Ukaglh04c,DEPLETED BATTERY, 3636, 3600, 0.1, 9219, NA, 2022-05-14 15:00:15 UTC+0100, 53.319835, -4.661007, 1.3, Armor X10 Pro
2023-08-31 17:13:26 UTC+0100, TAP LOGGER, 04B7 7F00 EC3E 10, T2.4, Ukaglh04c,DEPLETED BATTERY, 3636, 3600, 0.1, 0, NA, 1970-01-01 01:00:00 UTC+0100, 53.319835, -4.661007, 1.3, Armor X10 Pro
2023-08-31 17:13:28 UTC+0100, DATA DOWNLOADED, 04B7 7F00 EC3E 10, T2.4, Ukaglh04c,DEPLETED BATTERY, 3636, 3600, 0.1, 0, NA, 1970-01-01 01:00:00 UTC+0100, 53.319835, -4.661007, 1.3, Armor X10 Pro
2023-08-31 17:15:04 UTC+0100, TAP LOGGER, 0412 0600 D55D 02, NA, ukaglh05b, WRONG PASSWORD, NA, NA, NA, NA, NA, NA, 53.319807, -4.661073, 1.3, Armor X10 Pro
2023-08-31 17:15:25 UTC+0100, DATA DOWNLOADED, 0412 0600 D55D 02, NA, ukaglh05b, WRONG PASSWORD, NA, NA, NA, NA, NA, NA, 53.319807, -4.661073, 1.3, Armor X10 Pro
2023-08-31 17:15:28 UTC+0100, CODE CHANGE, 0412 0600 D55D 02, T7.3, ukaglh05b,MISSION RUNNING, 3636, 3600, 0.1, 11378, 42, 2022-05-14 16:00:00 UTC+0100, 53.319807, -4.661073, 1.3, Armor X10 Pro
2023-08-31 17:15:29 UTC+0100, START MISSION, 0412 0600 D55D 02, T7.3, ukaglh05b,WAITING TO START, 3636, 3600, 0.1, NA, 1, 2023-08-31 18:00:00 UTC+0100, 53.319807, -4.661073, 1.3, Armor X10 Pro
2023-08-31 17:16:04 UTC+0100, TAP LOGGER, 0412 0600 D55D 02, T7.3, ukaglh05b,WAITING TO START, 3636, 3600, 0.1, NA, 3, 2023-08-31 18:00:33 UTC+0100, 53.319807, -4.661073, 1.3, Armor X10 Pro
2023-08-31 17:16:59 UTC+0100, TAP LOGGER, 0412 0600 D55D 02, T7.3, ukaglh05b,WAITING TO START, 3636, 3600, 0.1, NA, 2, 2023-08-31 18:01:29 UTC+0100, 53.319800, -4.661170, 2.0, Armor X10 Pro
2023-08-31 17:17:12 UTC+0100, NAME CHANGE, 0412 0600 D55D 02, T7.3, ukhollh05b,WAITING TO START, 3636, 3600, 0.1, NA, 2, 2023-08-31 18:01:42 UTC+0100, 53.319800, -4.661170, 2.0, Armor X10 Pro
2023-08-31 17:18:06 UTC+0100, TAP LOGGER, 042D E400 7816 0F, T2.4, ukaglh01b,WAITING TO START, 3636, 3600, 0.1, NA, -6, 2023-08-31 18:07:48 UTC+0100, 53.319850, -4.660998, 1.4, Armor X10 Pro
2023-08-31 17:18:24 UTC+0100, NAME CHANGE, 042D E400 7816 0F, T2.4, ukhollh01b,WAITING TO START, 3636, 3600, 0.1, NA, -2, 2023-08-31 18:08:11 UTC+0100, 53.319850, -4.660998, 1.4, Armor X10 Pro
2023-08-31 17:18:55 UTC+0100, TAP LOGGER, 0469 B500 2214 0A, T7.3, ,NO MISSION, 0000, NA, NA, NA, NA, NA, 53.319850, -4.660998, 1.4, Armor X10 Pro
2023-08-31 17:18:56 UTC+0100, DATA DOWNLOADED, 0469 B500 2214 0A, T7.3, ,NO MISSION, 0000, NA, NA, NA, NA, NA, 53.319850, -4.660998, 1.4, Armor X10 Pro
2023-08-31 17:18:59 UTC+0100, CODE CHANGE, 0469 B500 2214 0A, T7.3, ukhollh01a,NO MISSION, 3636, NA, NA, NA, NA, NA, 53.319850, -4.660998, 1.4, Armor X10 Pro
2023-08-31 17:19:01 UTC+0100, START MISSION, 0469 B500 2214 0A, T7.3, ukhollh01a,MISSION RUNNING, 3636, 3600, 0.1, 1, 2, 2023-08-31 17:18:58 UTC+0100, 53.319850, -4.660998, 1.4, Armor X10 Pro
2023-08-31 17:19:25 UTC+0100, TAP LOGGER, 0491 4C00 E603 01, T7.3, ,NO MISSION, 0000, NA, NA, NA, NA, NA, 53.319810, -4.661038, 1.6, Armor X10 Pro
2023-08-31 17:19:26 UTC+0100, DATA DOWNLOADED, 0491 4C00 E603 01, T7.3, ,NO MISSION, 0000, NA, NA, NA, NA, NA, 53.319810, -4.661038, 1.6, Armor X10 Pro
2023-08-31 17:19:29 UTC+0100, CODE CHANGE, 0491 4C00 E603 01, T7.3, ukhollh04b,NO MISSION, 3636, NA, NA, NA, NA, NA, 53.319810, -4.661038, 1.6, Armor X10 Pro
2023-08-31 17:19:30 UTC+0100, START MISSION, 0491 4C00 E603 01, T7.3, ukhollh04b,MISSION RUNNING, 3636, 3600, 0.1, 1, 2, 2023-08-31 17:19:28 UTC+0100, 53.319810, -4.661038, 1.6, Armor X10 Pro
2023-08-31 17:19:58 UTC+0100, TAP LOGGER, 044F 2D00 094D 07, T7.3, ,NO MISSION, 0000, NA, NA, NA, NA, NA, 53.319810, -4.661038, 1.6, Armor X10 Pro
2023-08-31 17:19:59 UTC+0100, DATA DOWNLOADED, 044F 2D00 094D 07, T7.3, ,NO MISSION, 0000, NA, NA, NA, NA, NA, 53.319810, -4.661038, 1.6, Armor X10 Pro
2023-08-31 17:20:02 UTC+0100, CODE CHANGE, 044F 2D00 094D 07, T7.3, ukhollc05a,NO MISSION, 3636, NA, NA, NA, NA, NA, 53.319810, -4.661038, 1.6, Armor X10 Pro
2023-08-31 17:20:03 UTC+0100, START MISSION, 044F 2D00 094D 07, T7.3, ukhollc05a,MISSION RUNNING, 3636, 3600, 0.1, 1, 2, 2023-08-31 17:20:01 UTC+0100, 53.319810, -4.661038, 1.6, Armor X10 Pro
2023-08-31 17:20:11 UTC+0100, TAP LOGGER, 0441 7400 DA2F 10, T7.3, ,NO MISSION, 0000, NA, NA, NA, NA, NA, 53.319810, -4.661038, 1.6, Armor X10 Pro
2023-08-31 17:20:12 UTC+0100, DATA DOWNLOADED, 0441 7400 DA2F 10, T7.3, ,NO MISSION, 0000, NA, NA, NA, NA, NA, 53.319810, -4.661038, 1.6, Armor X10 Pro
2023-08-31 17:20:15 UTC+0100, CODE CHANGE, 0441 7400 DA2F 10, T7.3, ukhollc06a,NO MISSION, 3636, NA, NA, NA, NA, NA, 53.319810, -4.661038, 1.6, Armor X10 Pro
2023-08-31 17:20:17 UTC+0100, START MISSION, 0441 7400 DA2F 10, T7.3, ukhollc06a,MISSION RUNNING, 3636, 3600, 0.1, 1, 2, 2023-08-31 17:20:14 UTC+0100, 53.319810, -4.661038, 1.6, Armor X10 Pro
2023-08-31 17:20:49 UTC+0100, TAP LOGGER, 0418 9E00 0912 08, T2.4, ukaglc04d,WAITING TO START, 3636, 3600, 0.1, NA, -2, 2023-08-31 18:18:55 UTC+0100, 53.319713, -4.661042, 1.5, Armor X10 Pro
2023-08-31 17:21:01 UTC+0100, NAME CHANGE, 0418 9E00 0912 08, T2.4, ukhollc04d,WAITING TO START, 3636, 3600, 0.1, NA, -2, 2023-08-31 18:19:09 UTC+0100, 53.319713, -4.661042, 1.5, Armor X10 Pro
2023-08-31 17:21:07 UTC+0100, TAP LOGGER, 0481 D500 FE30 0E, T7.3, ukaglc04c,WAITING TO START, 3636, 3600, 0.1, NA, 3, 2023-08-31 18:18:21 UTC+0100, 53.319713, -4.661042, 1.5, Armor X10 Pro
2023-08-31 17:21:16 UTC+0100, NAME CHANGE, 0481 D500 FE30 0E, T7.3, ukhollc04c,WAITING TO START, 3636, 3600, 0.1, NA, 2, 2023-08-31 18:18:32 UTC+0100, 53.319713, -4.661042, 1.5, Armor X10 Pro
2023-08-31 17:22:58 UTC+0100, TAP LOGGER, 04BA 3E00 C965 03, T7.3, ukagmc03a,MISSION RUNNING, 3636, 3600, 0.1, 1, 3, 2023-08-31 17:00:00 UTC+0100, 53.319642, -4.660892, 1.5, Armor X10 Pro
2023-08-31 17:23:06 UTC+0100, NAME CHANGE, 04BA 3E00 C965 03, T7.3, ukholmc03a,MISSION RUNNING, 3636, 3600, 0.1, 1, 3, 2023-08-31 17:00:00 UTC+0100, 53.319642, -4.660892, 1.5, Armor X10 Pro
2023-08-31 17:23:14 UTC+0100, TAP LOGGER, 042B EF00 4106 0C, T7.3, ukagmh03a,MISSION RUNNING, 3636, 3600, 0.1, 2, 2, 2023-08-31 16:00:00 UTC+0100, 53.319642, -4.660892, 1.5, Armor X10 Pro
2023-08-31 17:23:21 UTC+0100, NAME CHANGE, 042B EF00 4106 0C, T7.3, ukholmh03a,MISSION RUNNING, 3636, 3600, 0.1, 2, 1, 2023-08-31 16:00:00 UTC+0100, 53.319642, -4.660892, 1.5, Armor X10 Pro
2023-08-31 17:35:40 UTC+0100, TAP LOGGER, 0491 4C00 E603 01, T7.3, ukhollh04b,MISSION RUNNING, 3636, 3600, 0.1, 1, 2, 2023-08-31 17:19:28 UTC+0100, 53.319642, -4.660892, 1.5, Armor X10 Pro
2023-08-31 17:35:47 UTC+0100, NAME CHANGE, 0491 4C00 E603 01, T7.3, ukhollh04c,MISSION RUNNING, 3636, 3600, 0.1, 1, 2, 2023-08-31 17:19:28 UTC+0100, 53.319682, -4.660962, 2.3, Armor X10 Pro
2023-08-31 18:10:16 UTC+0100, TAP LOGGER, 04F0 1E00 6337 0A, NA, ukagth01b, WRONG PASSWORD, NA, NA, NA, NA, NA, NA, 53.319410, -4.661305, 2.5, Armor X10 Pro
2023-08-31 18:10:50 UTC+0100, DATA DOWNLOADED, 04F0 1E00 6337 0A, NA, ukagth01b, WRONG PASSWORD, NA, NA, NA, NA, NA, NA, 53.319410, -4.661305, 2.5, Armor X10 Pro
2023-08-31 18:10:54 UTC+0100, CODE CHANGE, 04F0 1E00 6337 0A, T2.4, ukagth01b,MEMORY FULL, 3636, 3600, 0.1, 11136, 703, 2022-05-14 14:00:01 UTC+0100, 53.319410, -4.661305, 2.5, Armor X10 Pro
2023-08-31 18:10:56 UTC+0100, START MISSION, 04F0 1E00 6337 0A, T2.4, ukagth01b,WAITING TO START, 3636, 3600, 0.1, NA, -4, 2023-08-31 19:00:00 UTC+0100, 53.319410, -4.661305, 2.5, Armor X10 Pro
2023-08-31 18:11:34 UTC+0100, TAP LOGGER, 0405 4B00 F02B 0C, NA, ukagtc01a, WRONG PASSWORD, NA, NA, NA, NA, NA, NA, 53.319410, -4.661305, 2.5, Armor X10 Pro
2023-08-31 18:12:09 UTC+0100, DATA DOWNLOADED, 0405 4B00 F02B 0C, NA, ukagtc01a, WRONG PASSWORD, NA, NA, NA, NA, NA, NA, 53.319410, -4.661305, 2.5, Armor X10 Pro
2023-08-31 18:12:13 UTC+0100, CODE CHANGE, 0405 4B00 F02B 0C, T2.4, ukagtc01a,MISSION RUNNING, 3636, 3600, 0.1, 11381, 1062, 2022-05-14 14:00:11 UTC+0100, 53.319410, -4.661305, 2.5, Armor X10 Pro
2023-08-31 18:12:15 UTC+0100, START MISSION, 0405 4B00 F02B 0C, T2.4, ukagtc01a,WAITING TO START, 3636, 3600, 0.1, NA, -3, 2023-08-31 19:00:01 UTC+0100, 53.319410, -4.661305, 2.5, Armor X10 Pro
2023-08-31 18:15:58 UTC+0100, TAP LOGGER, 0413 A300 CD43 0D, NA, ukagtc02a, WRONG PASSWORD, NA, NA, NA, NA, NA, NA, 53.319407, -4.661383, 1.5, Armor X10 Pro
2023-08-31 18:16:19 UTC+0100, DATA DOWNLOADED, 0413 A300 CD43 0D, NA, ukagtc02a, WRONG PASSWORD, NA, NA, NA, NA, NA, NA, 53.319407, -4.661383, 1.5, Armor X10 Pro
2023-08-31 18:16:22 UTC+0100, CODE CHANGE, 0413 A300 CD43 0D, T7.3, ukagtc02a,MISSION RUNNING, 3636, 3600, 0.1, 11381, 29, 2022-05-14 13:48:20 UTC+0100, 53.319407, -4.661383, 1.5, Armor X10 Pro
2023-08-31 18:16:23 UTC+0100, START MISSION, 0413 A300 CD43 0D, T7.3, ukagtc02a,WAITING TO START, 3636, 3600, 0.1, NA, 2, 2023-08-31 19:00:00 UTC+0100, 53.319407, -4.661383, 1.5, Armor X10 Pro
2023-08-31 18:16:47 UTC+0100, TAP LOGGER, 048C 4A00 4501 08, NA, ukagtc02b, WRONG PASSWORD, NA, NA, NA, NA, NA, NA, 53.319367, -4.661422, 1.8, Armor X10 Pro
2023-08-31 18:17:21 UTC+0100, DATA DOWNLOADED, 048C 4A00 4501 08, NA, ukagtc02b, WRONG PASSWORD, NA, NA, NA, NA, NA, NA, 53.319367, -4.661422, 1.8, Armor X10 Pro
2023-08-31 18:17:25 UTC+0100, CODE CHANGE, 048C 4A00 4501 08, T2.4, ukagtc02b,MEMORY FULL, 3636, 3600, 0.1, 11136, 207, 2022-05-14 14:00:05 UTC+0100, 53.319367, -4.661422, 1.8, Armor X10 Pro
2023-08-31 18:17:27 UTC+0100, START MISSION, 048C 4A00 4501 08, T2.4, ukagtc02b,WAITING TO START, 3636, 3600, 0.1, NA, -4, 2023-08-31 19:00:00 UTC+0100, 53.319367, -4.661422, 1.8, Armor X10 Pro
2023-08-31 18:18:24 UTC+0100, TAP LOGGER, 04CE DF00 9644 10, NA, Ukagtc03c, WRONG PASSWORD, NA, NA, NA, NA, NA, NA, 53.319362, -4.661578, 1.6, Armor X10 Pro
2023-08-31 18:18:51 UTC+0100, DATA DOWNLOADED, 04CE DF00 9644 10, NA, Ukagtc03c, WRONG PASSWORD, NA, NA, NA, NA, NA, NA, 53.319362, -4.661578, 1.6, Armor X10 Pro
2023-08-31 18:18:55 UTC+0100, CODE CHANGE, 04CE DF00 9644 10, T2.4, Ukagtc03c,MISSION RUNNING, 3636, 3600, 0.1, 8817, -9423605, 2022-05-14 14:00:27 UTC+0100, 53.319362, -4.661578, 1.6, Armor X10 Pro
2023-08-31 18:18:57 UTC+0100, START MISSION, 04CE DF00 9644 10, T2.4, Ukagtc03c,WAITING TO START, 3636, 3600, 0.1, NA, -3, 2023-08-31 19:00:00 UTC+0100, 53.319362, -4.661578, 1.6, Armor X10 Pro
2023-08-31 18:19:19 UTC+0100, TAP LOGGER, 0419 7A00 8247 0D, NA, ukagtc03a, WRONG PASSWORD, NA, NA, NA, NA, NA, NA, 53.319362, -4.661578, 1.6, Armor X10 Pro
2023-08-31 18:19:53 UTC+0100, DATA DOWNLOADED, 0419 7A00 8247 0D, NA, ukagtc03a, WRONG PASSWORD, NA, NA, NA, NA, NA, NA, 53.319362, -4.661578, 1.6, Armor X10 Pro
2023-08-31 18:19:56 UTC+0100, CODE CHANGE, 0419 7A00 8247 0D, T2.4, ukagtc03a,MEMORY FULL, 3636, 3600, 0.1, 11136, 1259, 2022-05-14 14:00:14 UTC+0100, 53.319362, -4.661578, 1.6, Armor X10 Pro
2023-08-31 18:19:58 UTC+0100, START MISSION, 0419 7A00 8247 0D, T2.4, ukagtc03a,WAITING TO START, 3636, 3600, 0.1, NA, -2, 2023-08-31 19:00:01 UTC+0100, 53.319362, -4.661578, 1.6, Armor X10 Pro
2023-08-31 18:21:06 UTC+0100, TAP LOGGER, 0498 9500 270C 04, NA, ukagth02a, WRONG PASSWORD, NA, NA, NA, NA, NA, NA, 53.319300, -4.661727, 1.5, Armor X10 Pro
2023-08-31 18:21:40 UTC+0100, DATA DOWNLOADED, 0498 9500 270C 04, NA, ukagth02a, WRONG PASSWORD, NA, NA, NA, NA, NA, NA, 53.319300, -4.661727, 1.5, Armor X10 Pro
2023-08-31 18:21:44 UTC+0100, START MISSION, 0498 9500 270C 04, T2.4, ukagth02a,WAITING TO START, 3636, 3600, 0.1, NA, -2, 2023-08-31 19:00:00 UTC+0100, 53.319300, -4.661727, 1.5, Armor X10 Pro
2023-08-31 18:21:46 UTC+0100, START MISSION, 0498 9500 270C 04, T2.4, ukagth02a,WAITING TO START, 3636, 3600, 0.1, NA, -2, 2023-08-31 19:00:00 UTC+0100, 53.319300, -4.661727, 1.5, Armor X10 Pro
2023-08-31 18:23:15 UTC+0100, TAP LOGGER, 0474 A200 2324 0B, NA, ukagth03a, WRONG PASSWORD, NA, NA, NA, NA, NA, NA, 53.319307, -4.661805, 1.3, Armor X10 Pro
2023-08-31 18:23:36 UTC+0100, DATA DOWNLOADED, 0474 A200 2324 0B, NA, ukagth03a, WRONG PASSWORD, NA, NA, NA, NA, NA, NA, 53.319307, -4.661805, 1.3, Armor X10 Pro
2023-08-31 18:23:39 UTC+0100, CODE CHANGE, 0474 A200 2324 0B, T7.3, ukagth03a,MISSION RUNNING, 3636, 3600, 0.1, 11381, 3, 2022-05-14 13:48:00 UTC+0100, 53.319307, -4.661805, 1.3, Armor X10 Pro
2023-08-31 18:23:40 UTC+0100, START MISSION, 0474 A200 2324 0B, T7.3, ukagth03a,WAITING TO START, 3636, 3600, 0.1, NA, 2, 2023-08-31 19:00:00 UTC+0100, 53.319307, -4.661805, 1.3, Armor X10 Pro
2023-08-31 18:24:12 UTC+0100, UNKNOW, 04BF 0200 1A52 0A, T2.4, ,MEMORY FULL, 0000, 3600, 0.1, 11136, 926, 2022-05-14 14:00:02 UTC+0100, 53.319307, -4.661805, 1.3, Armor X10 Pro
2023-08-31 18:24:15 UTC+0100, TAP LOGGER, 04BF 0200 1A52 0A, NA, ukagth03b, WRONG PASSWORD, NA, NA, NA, NA, NA, NA, 53.319307, -4.661805, 1.3, Armor X10 Pro
2023-08-31 18:24:49 UTC+0100, DATA DOWNLOADED, 04BF 0200 1A52 0A, NA, ukagth03b, WRONG PASSWORD, NA, NA, NA, NA, NA, NA, 53.319307, -4.661805, 1.3, Armor X10 Pro
2023-08-31 18:24:53 UTC+0100, CODE CHANGE, 04BF 0200 1A52 0A, T2.4, ukagth03b,MEMORY FULL, 3636, 3600, 0.1, 11136, 925, 2022-05-14 14:00:02 UTC+0100, 53.319307, -4.661805, 1.3, Armor X10 Pro
2023-08-31 18:24:55 UTC+0100, START MISSION, 04BF 0200 1A52 0A, T2.4, ukagth03b,WAITING TO START, 3636, 3600, 0.1, NA, -3, 2023-08-31 19:00:01 UTC+0100, 53.319307, -4.661805, 1.3, Armor X10 Pro
2023-08-31 18:25:56 UTC+0100, TAP LOGGER, 0418 5D00 753C 0F, NA, Ukagsc01b, WRONG PASSWORD, NA, NA, NA, NA, NA, NA, 53.319273, -4.661562, 1.4, Armor X10 Pro
2023-08-31 18:26:29 UTC+0100, DATA DOWNLOADED, 0418 5D00 753C 0F, NA, Ukagsc01b, WRONG PASSWORD, NA, NA, NA, NA, NA, NA, 53.319273, -4.661562, 1.4, Armor X10 Pro
2023-08-31 18:26:33 UTC+0100, CODE CHANGE, 0418 5D00 753C 0F, T2.4, Ukagsc01b,MEMORY FULL, 3636, 3600, 0.1, 11136, 1592, 2022-05-14 14:00:15 UTC+0100, 53.319273, -4.661562, 1.4, Armor X10 Pro
2023-08-31 18:26:35 UTC+0100, START MISSION, 0418 5D00 753C 0F, T2.4, Ukagsc01b,WAITING TO START, 3636, 3600, 0.1, NA, -3, 2023-08-31 19:00:01 UTC+0100, 53.319273, -4.661562, 1.4, Armor X10 Pro
2023-08-31 18:26:46 UTC+0100, TAP LOGGER, 0482 0400 7F05 02, NA, ukagsc02b, WRONG PASSWORD, NA, NA, NA, NA, NA, NA, 53.319273, -4.661562, 1.4, Armor X10 Pro
2023-08-31 18:27:20 UTC+0100, DATA DOWNLOADED, 0482 0400 7F05 02, NA, ukagsc02b, WRONG PASSWORD, NA, NA, NA, NA, NA, NA, 53.319273, -4.661562, 1.4, Armor X10 Pro
2023-08-31 18:27:24 UTC+0100, CODE CHANGE, 0482 0400 7F05 02, T2.4, ukagsc02b,MEMORY FULL, 3636, 3600, 0.1, 11136, 593, 2022-05-14 14:00:08 UTC+0100, 53.319273, -4.661562, 1.4, Armor X10 Pro
2023-08-31 18:27:26 UTC+0100, START MISSION, 0482 0400 7F05 02, T2.4, ukagsc02b,WAITING TO START, 3636, 3600, 0.1, NA, -4, 2023-08-31 19:00:00 UTC+0100, 53.319273, -4.661562, 1.4, Armor X10 Pro
2023-08-31 18:27:34 UTC+0100, TAP LOGGER, 049C 3E00 3A1E 05, NA, ukagsc02a, WRONG PASSWORD, NA, NA, NA, NA, NA, NA, 53.319273, -4.661562, 1.4, Armor X10 Pro
2023-08-31 18:28:08 UTC+0100, DATA DOWNLOADED, 049C 3E00 3A1E 05, NA, ukagsc02a, WRONG PASSWORD, NA, NA, NA, NA, NA, NA, 53.319273, -4.661562, 1.4, Armor X10 Pro
2023-08-31 18:28:12 UTC+0100, CODE CHANGE, 049C 3E00 3A1E 05, T2.4, ukagsc02a,MEMORY FULL, 3636, 3600, 0.1, 11136, 778, 2022-05-14 14:00:04 UTC+0100, 53.319273, -4.661562, 1.4, Armor X10 Pro
2023-08-31 18:28:14 UTC+0100, START MISSION, 049C 3E00 3A1E 05, T2.4, ukagsc02a,WAITING TO START, 3636, 3600, 0.1, NA, -3, 2023-08-31 19:00:01 UTC+0100, 53.319273, -4.661562, 1.4, Armor X10 Pro
2023-08-31 18:28:53 UTC+0100, TAP LOGGER, 0466 4D00 2515 10, NA, Ukagsh01b, WRONG PASSWORD, NA, NA, NA, NA, NA, NA, 53.319227, -4.661527, 1.4, Armor X10 Pro
2023-08-31 18:29:11 UTC+0100, TAP LOGGER, 0466 4D00 2515 10, NA, Ukagsh01b, WRONG PASSWORD, NA, NA, NA, NA, NA, NA, 53.319227, -4.661527, 1.4, Armor X10 Pro
2023-08-31 18:29:20 UTC+0100, DATA DOWNLOADED, 0466 4D00 2515 10, NA, Ukagsh01b, WRONG PASSWORD, NA, NA, NA, NA, NA, NA, 53.319227, -4.661527, 1.4, Armor X10 Pro
2023-08-31 18:29:23 UTC+0100, CODE CHANGE, 0466 4D00 2515 10, T2.4, Ukagsh01b,DEPLETED BATTERY, 3636, 3600, 0.1, 2200, NA, 2022-05-14 14:00:20 UTC+0100, 53.319227, -4.661527, 1.4, Armor X10 Pro
2023-08-31 18:29:26 UTC+0100, ERROR START, 0466 4D00 2515 10, T2.4, Ukagsh01b,DEPLETED BATTERY, 3636, 3600, 0.1, 2200, NA, 2022-05-14 14:00:20 UTC+0100, 53.319227, -4.661527, 1.4, Armor X10 Pro
2023-08-31 18:29:51 UTC+0100, TAP LOGGER, 0466 4D00 2515 10, T2.4, Ukagsh01b,DEPLETED BATTERY, 3636, 3600, 0.1, 0, NA, 1970-01-01 01:00:00 UTC+0100, 53.319253, -4.661548, 1.6, Armor X10 Pro
2023-08-31 18:30:19 UTC+0100, TAP LOGGER, 0408 3D00 2915 0D, NA, ukagsh01a, WRONG PASSWORD, NA, NA, NA, NA, NA, NA, 53.319253, -4.661548, 1.6, Armor X10 Pro
2023-08-31 18:30:53 UTC+0100, DATA DOWNLOADED, 0408 3D00 2915 0D, NA, ukagsh01a, WRONG PASSWORD, NA, NA, NA, NA, NA, NA, 53.319253, -4.661548, 1.6, Armor X10 Pro
2023-08-31 18:30:58 UTC+0100, CODE CHANGE, 0408 3D00 2915 0D, T2.4, ukagsh01a,MEMORY FULL, 3636, 3600, 0.1, 11136, 690, 2022-05-14 14:00:06 UTC+0100, 53.319253, -4.661548, 1.6, Armor X10 Pro
2023-08-31 18:31:00 UTC+0100, START MISSION, 0408 3D00 2915 0D, T2.4, ukagsh01a,WAITING TO START, 3636, 3600, 0.1, NA, -3, 2023-08-31 19:00:01 UTC+0100, 53.319253, -4.661548, 1.6, Armor X10 Pro
2023-08-31 18:31:16 UTC+0100, TAP LOGGER, 0443 2600 C20C 0B, NA, ukagsh02a, WRONG PASSWORD, NA, NA, NA, NA, NA, NA, 53.319253, -4.661548, 1.6, Armor X10 Pro
2023-08-31 18:31:50 UTC+0100, DATA DOWNLOADED, 0443 2600 C20C 0B, NA, ukagsh02a, WRONG PASSWORD, NA, NA, NA, NA, NA, NA, 53.319253, -4.661548, 1.6, Armor X10 Pro
2023-08-31 18:31:55 UTC+0100, CODE CHANGE, 0443 2600 C20C 0B, T2.4, ukagsh02a,MEMORY FULL, 3636, 3600, 0.1, 11136, 333, 2022-05-14 14:00:15 UTC+0100, 53.319253, -4.661548, 1.6, Armor X10 Pro
2023-08-31 18:31:57 UTC+0100, START MISSION, 0443 2600 C20C 0B, T2.4, ukagsh02a,WAITING TO START, 3636, 3600, 0.1, NA, -5, 2023-08-31 19:00:00 UTC+0100, 53.319253, -4.661548, 1.6, Armor X10 Pro
2023-08-31 18:32:44 UTC+0100, TAP LOGGER, 040A 4000 8F39 0D, T7.3, ,NO MISSION, 0000, NA, NA, NA, NA, NA, 53.319253, -4.661548, 1.6, Armor X10 Pro
2023-08-31 18:32:46 UTC+0100, DATA DOWNLOADED, 040A 4000 8F39 0D, T7.3, ,NO MISSION, 0000, NA, NA, NA, NA, NA, 53.319253, -4.661548, 1.6, Armor X10 Pro
2023-08-31 18:32:48 UTC+0100, CODE CHANGE, 040A 4000 8F39 0D, T7.3, ukholsh01a,NO MISSION, 3636, NA, NA, NA, NA, NA, 53.319253, -4.661548, 1.6, Armor X10 Pro
2023-08-31 18:32:50 UTC+0100, START MISSION, 040A 4000 8F39 0D, T7.3, ukholsh01a,MISSION RUNNING, 3636, 3600, 0.1, 1, 3, 2023-08-31 18:32:46 UTC+0100, 53.319253, -4.661548, 1.6, Armor X10 Pro
2023-08-31 18:33:00 UTC+0100, TAP LOGGER, 04B8 3300 6D28 05, T7.3, ,NO MISSION, 0000, NA, NA, NA, NA, NA, 53.319253, -4.661548, 1.6, Armor X10 Pro
2023-08-31 18:33:01 UTC+0100, DATA DOWNLOADED, 04B8 3300 6D28 05, T7.3, ,NO MISSION, 0000, NA, NA, NA, NA, NA, 53.319253, -4.661548, 1.6, Armor X10 Pro
2023-08-31 18:33:04 UTC+0100, CODE CHANGE, 04B8 3300 6D28 05, T7.3, ukholsh02a,NO MISSION, 3636, NA, NA, NA, NA, NA, 53.319253, -4.661548, 1.6, Armor X10 Pro
2023-08-31 18:33:06 UTC+0100, START MISSION, 04B8 3300 6D28 05, T7.3, ukholsh02a,MISSION RUNNING, 3636, 3600, 0.1, 1, 2, 2023-08-31 18:33:02 UTC+0100, 53.319253, -4.661548, 1.6, Armor X10 Pro
2023-08-31 18:33:22 UTC+0100, TAP LOGGER, 0414 7300 5249 0F, T7.3, ,NO MISSION, 0000, NA, NA, NA, NA, NA, 53.319253, -4.661548, 1.6, Armor X10 Pro
2023-08-31 18:33:24 UTC+0100, DATA DOWNLOADED, 0414 7300 5249 0F, T7.3, ,NO MISSION, 0000, NA, NA, NA, NA, NA, 53.319253, -4.661548, 1.6, Armor X10 Pro
2023-08-31 18:33:26 UTC+0100, CODE CHANGE, 0414 7300 5249 0F, T7.3, ukholsc02a,NO MISSION, 3636, NA, NA, NA, NA, NA, 53.319253, -4.661548, 1.6, Armor X10 Pro
2023-08-31 18:33:28 UTC+0100, START MISSION, 0414 7300 5249 0F, T7.3, ukholsc02a,MISSION RUNNING, 3636, 3600, 0.1, 1, 2, 2023-08-31 18:33:25 UTC+0100, 53.319253, -4.661548, 1.6, Armor X10 Pro
2023-08-31 18:33:35 UTC+0100, TAP LOGGER, 0409 7600 0A30 02, T7.3, ,NO MISSION, 0000, NA, NA, NA, NA, NA, 53.319253, -4.661548, 1.6, Armor X10 Pro
2023-08-31 18:33:37 UTC+0100, DATA DOWNLOADED, 0409 7600 0A30 02, T7.3, ,NO MISSION, 0000, NA, NA, NA, NA, NA, 53.319253, -4.661548, 1.6, Armor X10 Pro
2023-08-31 18:33:39 UTC+0100, CODE CHANGE, 0409 7600 0A30 02, T7.3, ukholsc02b,NO MISSION, 3636, NA, NA, NA, NA, NA, 53.319253, -4.661548, 1.6, Armor X10 Pro
2023-08-31 18:33:41 UTC+0100, START MISSION, 0409 7600 0A30 02, T7.3, ukholsc02b,MISSION RUNNING, 3636, 3600, 0.1, 1, 2, 2023-08-31 18:33:38 UTC+0100, 53.319253, -4.661548, 1.6, Armor X10 Pro
2023-08-31 18:45:51 UTC+0100, TAP LOGGER, 04F3 ED00 AD06 03, T7.3, ,NO MISSION, 0000, NA, NA, NA, NA, NA, 53.319418, -4.661342, 1.8, Armor X10 Pro
2023-08-31 18:45:52 UTC+0100, DATA DOWNLOADED, 04F3 ED00 AD06 03, T7.3, ,NO MISSION, 0000, NA, NA, NA, NA, NA, 53.319418, -4.661342, 1.8, Armor X10 Pro
2023-08-31 18:45:55 UTC+0100, CODE CHANGE, 04F3 ED00 AD06 03, T7.3, ukholth01b,NO MISSION, 3636, NA, NA, NA, NA, NA, 53.319418, -4.661342, 1.8, Armor X10 Pro
2023-08-31 18:45:56 UTC+0100, START MISSION, 04F3 ED00 AD06 03, T7.3, ukholth01b,MISSION RUNNING, 3636, 3600, 0.1, 1, 2, 2023-08-31 18:45:53 UTC+0100, 53.319418, -4.661342, 1.8, Armor X10 Pro
2023-08-31 18:46:09 UTC+0100, TAP LOGGER, 0427 0700 3844 04, T7.3, ,NO MISSION, 0000, NA, NA, NA, NA, NA, 53.319418, -4.661342, 1.8, Armor X10 Pro
2023-08-31 18:46:10 UTC+0100, DATA DOWNLOADED, 0427 0700 3844 04, T7.3, ,NO MISSION, 0000, NA, NA, NA, NA, NA, 53.319418, -4.661342, 1.8, Armor X10 Pro
2023-08-31 18:46:13 UTC+0100, CODE CHANGE, 0427 0700 3844 04, T7.3, ukholtc01a,NO MISSION, 3636, NA, NA, NA, NA, NA, 53.319418, -4.661342, 1.8, Armor X10 Pro
2023-08-31 18:46:14 UTC+0100, START MISSION, 0427 0700 3844 04, T7.3, ukholtc01a,MISSION RUNNING, 3636, 3600, 0.1, 1, 2, 2023-08-31 18:46:11 UTC+0100, 53.319418, -4.661342, 1.8, Armor X10 Pro
2023-08-31 18:46:38 UTC+0100, TAP LOGGER, 0438 5200 CE2F 09, T7.3, ,NO MISSION, 0000, NA, NA, NA, NA, NA, 53.319355, -4.661552, 1.5, Armor X10 Pro
2023-08-31 18:46:39 UTC+0100, DATA DOWNLOADED, 0438 5200 CE2F 09, T7.3, ,NO MISSION, 0000, NA, NA, NA, NA, NA, 53.319355, -4.661552, 1.5, Armor X10 Pro
2023-08-31 18:46:42 UTC+0100, CODE CHANGE, 0438 5200 CE2F 09, T7.3, ukholtc03a,NO MISSION, 3636, NA, NA, NA, NA, NA, 53.319355, -4.661552, 1.5, Armor X10 Pro
2023-08-31 18:46:44 UTC+0100, START MISSION, 0438 5200 CE2F 09, T7.3, ukholtc03a,MISSION RUNNING, 3636, 3600, 0.1, 1, 2, 2023-08-31 18:46:40 UTC+0100, 53.319355, -4.661552, 1.5, Armor X10 Pro
2023-08-31 18:47:05 UTC+0100, TAP LOGGER, 04CF DD00 6422 0F, T7.3, ,NO MISSION, 0000, NA, NA, NA, NA, NA, 53.319318, -4.661708, 1.5, Armor X10 Pro
2023-08-31 18:47:06 UTC+0100, DATA DOWNLOADED, 04CF DD00 6422 0F, T7.3, ,NO MISSION, 0000, NA, NA, NA, NA, NA, 53.319318, -4.661708, 1.5, Armor X10 Pro
2023-08-31 18:47:09 UTC+0100, CODE CHANGE, 04CF DD00 6422 0F, T7.3, ukholth02a,NO MISSION, 3636, NA, NA, NA, NA, NA, 53.319318, -4.661708, 1.5, Armor X10 Pro
2023-08-31 18:47:11 UTC+0100, START MISSION, 04CF DD00 6422 0F, T7.3, ukholth02a,MISSION RUNNING, 3636, 3600, 0.1, 1, 2, 2023-08-31 18:47:07 UTC+0100, 53.319318, -4.661708, 1.5, Armor X10 Pro
2023-08-31 18:47:27 UTC+0100, TAP LOGGER, 0474 A200 2324 0B, T7.3, ukagth03a,WAITING TO START, 3636, 3600, 0.1, NA, 3, 2023-08-31 19:23:45 UTC+0100, 53.319305, -4.661788, 1.4, Armor X10 Pro
2023-08-31 18:47:40 UTC+0100, NAME CHANGE, 0474 A200 2324 0B, T7.3, ukholth03a,WAITING TO START, 3636, 3600, 0.1, NA, 3, 2023-08-31 19:23:59 UTC+0100, 53.319305, -4.661788, 1.4, Armor X10 Pro
2023-08-31 18:47:51 UTC+0100, UNKNOW, 04BF 0200 1A52 0A, T2.4, ,WAITING TO START, 0000, 3600, 0.1, NA, -4, 2023-08-31 19:22:56 UTC+0100, 53.319305, -4.661788, 1.4, Armor X10 Pro
2023-08-31 18:48:04 UTC+0100, TAP LOGGER, 04BF 0200 1A52 0A, T2.4, ukagth03b,WAITING TO START, 3636, 3600, 0.1, NA, -3, 2023-08-31 19:23:07 UTC+0100, 53.319338, -4.661822, 2.1, Armor X10 Pro
2023-08-31 18:48:16 UTC+0100, NAME CHANGE, 04BF 0200 1A52 0A, T2.4, ukholth03b,WAITING TO START, 3636, 3600, 0.1, NA, -3, 2023-08-31 19:23:21 UTC+0100, 53.319338, -4.661822, 2.1, Armor X10 Pro
2023-08-31 18:48:45 UTC+0100, TAP LOGGER, 0418 5D00 753C 0F, T2.4, Ukagsc01b,WAITING TO START, 3636, 3600, 0.1, NA, -4, 2023-08-31 19:22:07 UTC+0100, 53.319272, -4.661592, 1.5, Armor X10 Pro
2023-08-31 18:48:54 UTC+0100, NAME CHANGE, 0418 5D00 753C 0F, T2.4, Ukholsc01b,WAITING TO START, 3636, 3600, 0.1, NA, -4, 2023-08-31 19:22:18 UTC+0100, 53.319272, -4.661592, 1.5, Armor X10 Pro
2023-08-31 18:48:58 UTC+0100, TAP LOGGER, 0414 7300 5249 0F, T7.3, ukholsc02a,MISSION RUNNING, 3636, 3600, 0.1, 1, 2, 2023-08-31 18:33:25 UTC+0100, 53.319272, -4.661592, 1.5, Armor X10 Pro
2023-08-31 18:49:33 UTC+0100, TAP LOGGER, 0419 7A00 8247 0D, T2.4, ukagtc03a,WAITING TO START, 3636, 3600, 0.1, NA, -3, 2023-08-31 19:29:32 UTC+0100, 53.319325, -4.661602, 1.5, Armor X10 Pro
2023-08-31 18:49:37 UTC+0100, TAP LOGGER, 04CE DF00 9644 10, T2.4, ,WAITING TO START, 0000, 3600, 0.1, NA, -1842, 2023-08-31 19:00:00 UTC+0100, 53.319325, -4.661602, 1.5, Armor X10 Pro
2023-08-31 18:49:55 UTC+0100, TAP LOGGER, 0413 A300 CD43 0D, T7.3, ukagtc02a,WAITING TO START, 3636, 3600, 0.1, NA, 2, 2023-08-31 19:33:30 UTC+0100, 53.319372, -4.661442, 1.5, Armor X10 Pro
2023-08-31 18:50:03 UTC+0100, NAME CHANGE, 0413 A300 CD43 0D, T7.3, ukholtc02a,WAITING TO START, 3636, 3600, 0.1, NA, 2, 2023-08-31 19:33:39 UTC+0100, 53.319372, -4.661442, 1.5, Armor X10 Pro
2023-08-31 18:50:09 UTC+0100, TAP LOGGER, 048C 4A00 4501 08, T2.4, ukagtc02b,WAITING TO START, 3636, 3600, 0.1, NA, -5, 2023-08-31 19:32:39 UTC+0100, 53.319372, -4.661442, 1.5, Armor X10 Pro
2023-08-31 18:50:18 UTC+0100, NAME CHANGE, 048C 4A00 4501 08, T2.4, ukholtc02b,WAITING TO START, 3636, 3600, 0.1, NA, -4, 2023-08-31 19:32:50 UTC+0100, 53.319372, -4.661442, 1.5, Armor X10 Pro
